360 ONE WAM LIMITED,360ONE,55,55
3M INDIA LIMITED,3MINDIA,60,60
AARTI DRUGS LTD.,AARTIDRUGS,55,55
AARTI INDUSTRIES LTD,AARTIIND,70,70
AAVAS FINANCIERS LIMITED,AAVAS,60,60
ABB INDIA LIMITED,ABB,75,75
ABBOTT INDIA LIMITED,ABBOTINDIA,70,70
ADITYA BIRLA CAPITAL LTD.,ABCAPITAL,70,70
ADITYA BIRLA FASHION & RT,ABFRL,65,65
ADIT BIRL SUN LIF AMC LTD,ABSLAMC,60,60
ACC LIMITED,ACC,45,45
ACCELYA SOLN INDIA LTD,ACCELYA,50,50
ACTION CONST EQUIP LTD,ACE,50,50
ARCHEAN CHEMICAL IND LTD,ACI,65,65
ALLCARGO GATI LIMITED,ACLGATI,55,55
ADANI ENTERPRISES LIMITED,ADANIENT,35,35
ADANI PORT & SEZ LTD,ADANIPORTS,35,35
ADF FOODS LIMITED,ADFFOODS,55,55
ADVANCED ENZYME TECH LTD,ADVENZYMES,55,55
AEGIS LOGISTICS LIMITED,AEGISCHEM,50,50
AFFLE (INDIA) LIMITED,AFFLE,60,60
AGARWAL INDS CORP LTD.,AGARIND,50,50
AGI GREENPAC LIMITED,AGI,55,55
AHLUWALIA CONT IND LTD,AHLUCONT,50,50
AIA ENGINEERING LIMITED,AIAENG,65,65
AJANTA PHARMA LIMITED,AJANTPHARM,70,70
AKZO NOBEL INDIA LIMITED,AKZOINDIA,50,50
ALEMBIC LIMITED,ALEMBICLTD,50,50
ALKEM LABORATORIES LTD.,ALKEM,75,75
ALKYL AMINES CHEM. LTD,ALKYLAMINE,60,60
ALLCARGO LOGISTICS LTD,ALLCARGO,55,55
AMBER ENTERPRISES (I) LTD,AMBER,60,60
AMBUJA CEMENTS LTD,AMBUJACEM,35,35
AMI ORGANICS LIMITED,AMIORG,60,60
AMRUTAJAN HEALTH LTD,AMRUTANJAN,60,60
ANAND RATHI WEALTH LTD,ANANDRATHI,0,0
ANDHRA PAPER LIMITED,ANDHRAPAP,50,50
ANDHRA SUGARS LTD,ANDHRSUGAR,55,55
ANGEL ONE LIMITED,ANGELONE,0,0
THE ANUP ENGINEERING LTD,ANUP,0,0
ANUPAM RASAYAN INDIA LTD,ANURAS,60,60
APAR INDUSTRIES LTD.,APARINDS,60,60
APCOTEX INDUSTRIES LIMITE,APCOTEXIND,55,55
APEX FROZEN FOODS LIMITED,APEX,50,50
APL APOLLO TUBES LTD,APLAPOLLO,60,60
ALEMBIC PHARMA LTD,APLLTD,60,60
APOLLO HOSPITALS ENTER. L,APOLLOHOSP,70,70
APOLLO PIPES LIMITED,APOLLOPIPE,60,60
APOLLO TYRES LTD,APOLLOTYRE,70,70
APTUS VALUE HSG FIN I LTD,APTUS,60,60
AMARA RAJA ENERGY MOB LTD,ARE&M,70,70
ARMAN FIN SERV LTD,ARMANFIN,50,50
ARVIND LIMITED,ARVIND,0,0
ARVIND FASHIONS LIMITED,ARVINDFASN,60,60
ASAHI INDIA GLASS LIMITED,ASAHIINDIA,60,60
ASSO ALCOHOLS & BREW LTD,ASALCBR,50,50
ASHIANA HOUSING LTD,ASHIANA,50,50
ASHOKA BUILDCON LTD,ASHOKA,60,60
ASHOK LEYLAND LTD,ASHOKLEY,65,65
ASIAN PAINTS LIMITED,ASIANPAINT,75,75
ASTEC LIFESCIENCES LTD,ASTEC,60,60
ASTER DM HEALTHCARE LTD.,ASTERDM,60,60
ASTRAL LIMITED,ASTRAL,70,70
ASTRA MICROWAVE LTD,ASTRAMICRO,55,55
ASTRAZENECA PHARMA IND LT,ASTRAZEN,45,45
ATUL LTD,ATUL,70,70
AU SMALL FINANCE BANK LTD,AUBANK,70,70
AUROBINDO PHARMA LTD,AUROPHARMA,65,65
AUTOMOTIVE AXLES LIMITED,AUTOAXLES,55,55
AVADH SUG & ENERGY LTD,AVADHSUGAR,55,55
AVANTI FEEDS LIMITED,AVANTIFEED,60,60
ANTONY WASTE HDG CELL LTD,AWHCL,50,50
AXIS BANK LIMITED,AXISBANK,75,75
BAJAJ AUTO LIMITED,BAJAJ-AUTO,75,75
BAJAJ CONSUMER CARE LTD,BAJAJCON,55,55
BAJAJ ELECT.LTD,BAJAJELEC,60,60
BAJAJ FINSERV LTD.,BAJAJFINSV,70,70
BAJAJ HEALTHCARE LIMITED,BAJAJHCARE,45,45
BAJAJ HOLDINGS & INVS LTD,BAJAJHLDNG,60,60
BAJAJ FINANCE LIMITED,BAJFINANCE,70,70
BALAJI AMINES LIMITED,BALAMINES,60,60
BALKRISHNA IND. LTD,BALKRISIND,75,75
BALMER LAWRIE & CO LTD,BALMLAWRIE,50,50
BALRAMPUR CHINI MILLS LTD,BALRAMCHIN,65,65
BANCO PRODUCTS (I) LTD,BANCOINDIA,0,0
BANDHAN BANK LIMITED,BANDHANBNK,65,65
BANK OF BARODA,BANKBARODA,70,70
NIP IND ETF BANK BEES,BANKBEES,70,70
BANK OF INDIA,BANKINDIA,60,60
KOTAKMAMC-KOTAKBKETF,BANKNIFTY1,65,65
BARBEQUE NATION HOSP. LTD,BARBEQUE,60,60
BASF INDIA LTD,BASF,60,60
BATA INDIA LTD,BATAINDIA,75,75
BAYER CROPSCIENCE LTD,BAYERCROP,60,60
BHARAT BIJLEE LTD,BBL,50,50
BOMBAY BURMAH TRADING COR,BBTC,45,45
BHARAT DYNAMICS LIMITED,BDL,60,60
MRS BECTORS FOOD SPE LTD,BECTORFOOD,65,65
BHARAT ELECTRONICS LTD,BEL,70,70
BEML LIMITED,BEML,60,60
BHANSALI ENG. POLYMERS LT,BEPL,55,55
BERGER PAINTS (I) LTD,BERGEPAINT,75,75
BHARAT FORGE LTD,BHARATFORG,70,70
BHARTI AIRTEL LIMITED,BHARTIARTL,75,75
BHEL,BHEL,65,65
BIOCON LIMITED.,BIOCON,65,65
BIRLA CORPORATION LTD,BIRLACORPN,60,60
BLISS GVS PHARMA LTD,BLISSGVS,45,45
BLUE DART EXPRESS LTD,BLUEDART,60,60
BLUE STAR LIMITED,BLUESTARCO,65,65
BODAL CHEMICALS LTD,BODALCHEM,55,55
BOMBAY DYEING & MFG. CO L,BOMDYEING,0,0
BOROSIL RENEWABLES LTD,BORORENEW,50,50
BOSCH LIMITED,BOSCHLTD,70,70
BHARAT PETROLEUM CORP LT,BPCL,75,75
BRIGADE ENTER. LTD,BRIGADE,60,60
BRITANNIA INDUSTRIES LTD,BRITANNIA,75,75
BIRLASOFT LIMITED,BSOFT,70,70
CAMLIN FINE SCIENCES LTD,CAMLINFINE,60,60
CAMPUS ACTIVEWEAR LIMITED,CAMPUS,65,65
COMPUTER AGE MNGT SER LTD,CAMS,65,65
CANARA BANK,CANBK,65,65
CAN FIN HOMES LTD,CANFINHOME,65,65
CAPACITE INFRAPROJECT LTD,CAPACITE,50,50
CAPLIN POINT LAB LTD.,CAPLIPOINT,55,55
CARBORUNDUM UNIVERSAL LTD,CARBORUNIV,60,60
CARE RATINGS LIMITED,CARERATING,60,60
CARTRADE TECH LIMITED,CARTRADE,50,50
CASTROL INDIA LIMITED,CASTROLIND,60,60
CCL PRODUCTS (I) LTD,CCL,60,60
CEAT LIMITED,CEATLTD,55,55
CENTURY ENKA LTD,CENTENKA,50,50
CENTRAL BANK OF INDIA,CENTRALBK,55,55
CENTURY PLYBOARDS (I) LTD,CENTURYPLY,60,60
CENTURY TEXTILES LTD,CENTURYTEX,45,45
CERA SANITARYWARE LTD,CERA,60,60
CESC LTD,CESC,65,65
CAPRI GLOBAL CAPITAL LTD,CGCL,50,50
CHALET HOTELS LIMITED,CHALET,60,60
CHAMBAL FERTILIZERS LTD,CHAMBLFERT,65,65
CHEMCON SPECIAL CHEM LTD,CHEMCON,55,55
CHEMPLAST SANMAR LIMITED,CHEMPLASTS,55,55
CHENNAI PETROLEUM CORP LT,CHENNPETRO,55,55
CHOLAMANDALAM IN & FIN CO,CHOLAFIN,70,70
CHOLAMANDALAM FIN HOL LTD,CHOLAHLDNG,40,40
CIE AUTOMOTIVE INDIA LTD,CIEINDIA,60,60
CIGNITI TECHNOLOGIES LTD,CIGNITITEC,55,55
CIPLA LTD,CIPLA,75,75
CMS INFO SYSTEMS LIMITED,CMSINFO,70,70
COAL INDIA LTD,COALINDIA,70,70
COCHIN SHIPYARD LIMITED,COCHINSHIP,55,55
COFORGE LIMITED,COFORGE,70,70
COLGATE PALMOLIVE LTD.,COLPAL,75,75
CONTAINER CORP OF IND LTD,CONCOR,70,70
COROMANDEL INTERNTL. LTD,COROMANDEL,75,75
CPSE ETF,CPSEETF,70,70
CRAFTSMAN AUTOMATION LTD,CRAFTSMAN,55,55
CREDITACCESS GRAMEEN LTD,CREDITACC,60,60
CRISIL LTD,CRISIL,60,60
CROMPT GREA CON ELEC LTD,CROMPTON,75,75
CSB BANK LIMITED,CSBBANK,55,55
CITY UNION BANK LTD,CUB,70,70
CUMMINS INDIA LTD,CUMMINSIND,75,75
CYIENT LIMITED,CYIENT,65,65
DABUR INDIA LTD,DABUR,80,80
DALMIA BHARAT LIMITED,DALBHARAT,70,70
DATA PATTERNS INDIA LTD,DATAPATTNS,45,45
DILIP BUILDCON LIMITED,DBL,50,50
DHAMPUR BIO ORGANICS LTD,DBOL,60,60
DCB BANK LIMITED,DCBBANK,60,60
DCM SHRIRAM LIMITED,DCMSHRIRAM,60,60
DCM SHRIRAM IND LTD,DCMSRIND,60,60
DEEPAK FERTILIZERS & PETR,DEEPAKFERT,60,60
DEEPAK NITRITE LTD,DEEPAKNTR,65,65
DEEP INDUSTRIES LIMITED,DEEPINDS,55,55
DELHIVERY LIMITED,DELHIVERY,60,60
DELTA CORP LIMITED,DELTACORP,60,60
DEN NETWORKS LTD,DEN,50,50
DEVYANI INTERNATIONAL LTD,DEVYANI,60,60
DHAMPUR SUGAR MILLS LTD.,DHAMPURSUG,60,60
DHANUKA AGRITECH LTD,DHANUKA,50,50
DIVI S LABORATORIES LTD,DIVISLAB,75,75
DIXON TECHNO (INDIA) LTD,DIXON,70,70
DLF LIMITED,DLF,70,70
D-LINK INDIA LTD,DLINKINDIA,50,50
AVENUE SUPERMARTS LIMITED,DMART,65,65
DOLAT ALGOTECH LIMITED,DOLATALGO,50,50
DR. REDDY S LABORATORIES,DRREDDY,75,75
DWARIKESH SUGAR IND LTD,DWARKESH,60,60
EASY TRIP PLANNERS LTD,EASEMYTRIP,50,50
ECLERX SERVICES LTD,ECLERX,60,60
EICHER MOTORS LTD,EICHERMOT,75,75
EID PARRY INDIA LTD,EIDPARRY,60,60
EIH LIMITED,EIHOTEL,0,0
ELECON ENG. CO. LTD,ELECON,0,0
ELECTROSTEEL CASTINGS LTD,ELECTCAST,0,0
ELGI EQUIPMENTS LTD,ELGIEQUIP,55,55
EMAMI LIMITED,EMAMILTD,60,60
ENDURANCE TECHNO. LTD.,ENDURANCE,60,60
ENGINEERS INDIA LTD,ENGINERSIN,60,60
ENTERTAIN NET. IND. LTD.,ENIL,50,50
EPIGRAL LIMITED,EPIGRAL,50,50
EPL LIMITED,EPL,55,55
EQUITAS SMALL FIN BNK LTD,EQUITASBNK,60,60
ERIS LIFESCIENCES LIMITED,ERIS,55,55
ESAB INDIA LTD,ESABINDIA,55,55
ESCORTS KUBOTA LIMITED,ESCORTS,65,65
ESTER INDUSTRIES LTD,ESTER,50,50
EVEREADY INDS. IND. LTD.,EVEREADY,60,60
EVEREST INDUSTRIES LTD,EVERESTIND,55,55
EXCEL INDUSTRIES LTD,EXCELINDUS,55,55
EXIDE INDUSTRIES LTD,EXIDEIND,70,70
EXPLEO SOLUTIONS LIMITED,EXPLEOSOL,55,55
EXXARO TILES LIMITED,EXXARO,45,45
FACT LTD,FACT,50,50
FDC LIMITED,FDC,60,60
FEDERAL BANK LTD,FEDERALBNK,70,70
FIEM INDUSTRIES LIMITED,FIEMIND,55,55
FILATEX INDIA LTD,FILATEX,50,50
FINOLEX CABLES LTD,FINCABLES,60,60
FINE ORGANIC IND. LTD.,FINEORG,60,60
FINO PAYMENTS BANK LTD,FINOPB,50,50
FINOLEX INDUSTRIES LTD,FINPIPE,55,55
GUJARAT FLUOROCHEM LTD,FLUOROCHEM,60,60
FEDERAL-MOGUL GOETZE (IND,FMGOETZE,50,50
FORTIS HEALTHCARE LTD,FORTIS,60,60
FIRSTSOURCE SOLU. LTD.,FSL,65,65
GABRIEL INDIA LTD,GABRIEL,65,65
GAIL (INDIA) LTD,GAIL,75,75
GALAXY SURFACTANTS LTD,GALAXYSURF,65,65
GANESHA ECOSPHERE LIMITED,GANECOS,50,50
GANESH BENZOPLAST LIMITED,GANESHBE,55,55
GARWARE TECH FIBRES LTD,GARFIBRES,55,55
GEOJIT FINANCIAL SER L,GEOJITFSL,50,50
GE POWER INDIA LIMITED,GEPIL,0,0
THE GE SHPG.LTD,GESHIP,60,60
GHCL LIMITED,GHCL,60,60
GIC HOUSING FINANCE LTD,GICHSGFIN,50,50
GENERAL INS CORP OF INDIA,GICRE,55,55
GILLETTE INDIA LTD,GILLETTE,70,70
GUJ IND POW CO. LTD,GIPCL,0,0
GLAND PHARMA LIMITED,GLAND,50,50
GLAXOSMITHKLINE PHARMA LT,GLAXO,65,65
GLENMARK PHARMACEUTICALS,GLENMARK,70,70
GLOBUS SPIRITS LTD,GLOBUSSPR,55,55
GUJARAT MINERAL DEV CORP,GMDCLTD,50,50
GMM PFAUDLER LIMITED,GMMPFAUDLR,60,60
GMR AIRPORTS INFRA LTD,GMRINFRA,45,45
GUJ NAR VAL FER & CHEM L,GNFC,65,65
GO FASHION INDIA LTD,GOCOLORS,55,55
GODFREY PHILLIPS INDIA LT,GODFRYPHLP,45,45
GODREJ AGROVET LIMITED,GODREJAGRO,60,60
GODREJ CONSUMER PRODUCTS,GODREJCP,75,75
GODREJ INDUSTRIES LTD,GODREJIND,45,45
GODREJ PROPERTIES LTD,GODREJPROP,70,70
GOKALDAS EXPORTS LTD.,GOKEX,55,55
GUJARAT PIPAVAV PORT LTD,GPPL,60,60
GRANULES INDIA LIMITED,GRANULES,65,65
GRAPHITE INDIA LTD,GRAPHITE,60,60
GRASIM INDUSTRIES LTD,GRASIM,75,75
GREAVES COTTON LTD.,GREAVESCOT,55,55
GREENPANEL INDUSTRIES LTD,GREENPANEL,60,60
GREENPLY INDUSTRIES LTD,GREENPLY,55,55
GRINDWELL NORTON LIMITED,GRINDWELL,60,60
GARDEN REACH SHIP&ENG LTD,GRSE,55,55
GUJ STATE FERT & CHEM LTD,GSFC,60,60
GUJARAT STATE PETRO LTD,GSPL,65,65
GUJARAT ALKALIES & CHEM,GUJALKALI,55,55
GUJARAT GAS LIMITED,GUJGASLTD,65,65
GULF OIL LUB. IND. LTD.,GULFOILLUB,50,50
HINDUSTAN AERONAUTICS LTD,HAL,65,65
HAPPIEST MINDS TECHNO LTD,HAPPSTMNDS,60,60
HATHWAY CABLE & DATACOM,HATHWAY,55,55
HATSUN AGRO PRODUCT LTD.,HATSUN,55,55
HAVELLS INDIA LIMITED,HAVELLS,75,75
HBL POWER SYSTEMS LTD.,HBLPOWER,0,0
HEALTHCARE GLOB. ENT. LTD,HCG,55,55
HCL TECHNOLOGIES LTD,HCLTECH,75,75
HDFC AMC LIMITED,HDFCAMC,75,75
HDFC BANK LTD,HDFCBANK,75,75
HDFC LIFE INS CO LTD,HDFCLIFE,75,75
HEG LTD,HEG,50,50
HEIDELBERGCEMENT (I) LTD,HEIDELBERG,60,60
HEMISPHERE PROP IND LTD,HEMIPROP,60,60
HERANBA INDUSTRIES LTD,HERANBA,45,45
HERITAGE FOODS LTD,HERITGFOOD,45,45
HERO MOTOCORP LIMITED,HEROMOTOCO,75,75
HFCL LIMITED,HFCL,50,50
HIL LIMITED,HIL,55,55
HIMATSINGKA SEIDE LTD,HIMATSEIDE,50,50
HINDALCO INDUSTRIES LTD,HINDALCO,70,70
HINDUSTAN COPPER LTD,HINDCOPPER,60,60
HINDUSTAN OIL EXPLORATION,HINDOILEXP,55,55
HINDUSTAN PETROLEUM CORP,HINDPETRO,65,65
HINDUSTAN UNILEVER LTD.,HINDUNILVR,75,75
HOME FIRST FIN CO IND LTD,HOMEFIRST,60,60
HONEYWELL AUTOMATION IND,HONAUT,70,70
HSG & URBAN DEV CORPN LTD,HUDCO,55,55
HUHTAMAKI INDIA LIMITED,HUHTAMAKI,50,50
INDIABULLS REAL EST. LTD,IBREALEST,55,55
INDIABULLS HSG FIN LTD,IBULHSGFIN,35,35
ICICIPRAMC - BHARATIWIN,ICICIB22,70,70
ICICI BANK LTD.,ICICIBANK,75,75
ICICI LOMBARD GIC LIMITED,ICICIGI,75,75
ICICI PRU LIFE INS CO LTD,ICICIPRULI,75,75
INDO COUNT INDUSTRIES LTD,ICIL,0,0
ICRA LIMITED,ICRA,65,65
IDBI BANK LIMITED,IDBI,60,60
IDFC LIMITED,IDFC,65,65
IDFC FIRST BANK LIMITED,IDFCFIRSTB,70,70
INDIAN ENERGY EXC LTD,IEX,65,65
IFB INDUSTRIES LTD,IFBIND,45,45
INDRAPRASTHA GAS LTD,IGL,70,70
I G PETROCHEMICALS LTD,IGPL,50,50
INDIAN METALS & FERRO,IMFA,50,50
THE INDIAN HOTELS CO. LTD,INDHOTEL,70,70
THE INDIA CEMENTS LIMITED,INDIACEM,65,65
INDIA GLYCOLS LTD,INDIAGLYCO,55,55
INDIAMART INTERMESH LTD,INDIAMART,70,70
INDIAN BANK,INDIANB,60,60
INTERGLOBE AVIATION LTD,INDIGO,70,70
INDIGO PAINTS LIMITED,INDIGOPNTS,65,65
INDOCO REMEDIES LTD.,INDOCO,55,55
INDUSIND BANK LIMITED,INDUSINDBK,70,70
INDUS TOWERS LIMITED,INDUSTOWER,65,65
INFIBEAM AVENUES LIMITED,INFIBEAM,50,50
INFOSYS LIMITED,INFY,75,75
INGERSOLL-RAND INDIA LTD,INGERRAND,55,55
INSECTICIDES (I) LTD,INSECTICID,45,45
INTELLECT DESIGN ARENA,INTELLECT,60,60
INDIAN OVERSEAS BANK,IOB,55,55
INDIAN OIL CORP LTD,IOC,75,75
IOL CHEM AND PHARMA LTD,IOLCP,50,50
IPCA LABORATORIES LTD,IPCALAB,75,75
INDIA PESTICIDES LIMITED,IPL,45,45
IRB INFRA DEV LTD.,IRB,50,50
IRCON INTERNATIONAL LTD,IRCON,50,50
INDIAN RAIL TOUR CORP LTD,IRCTC,65,65
INDIAN RAILWAY FIN CORP L,IRFC,55,55
ICICI SECURITIES LIMITED,ISEC,65,65
ISGEC HEAVY ENG LTD,ISGEC,55,55
ITC LTD,ITC,75,75
ITD CEMENTATION INDIA LTD,ITDCEM,0,0
ITI LTD,ITI,55,55
ICICIPRAMC - ICICITECH,ITIETF,60,60
J & K BANK LTD.,J&KBANK,55,55
JAI CORP LIMITED,JAICORPLTD,55,55
JAMNA AUTO IND LTD,JAMNAAUTO,60,60
JAYANT AGRO ORGANICS LTD,JAYAGROGN,50,50
J B CHEMICALS AND PHARMA,JBCHEPHARM,60,60
JINDAL POLY FILMS LIMITED,JINDALPOLY,55,55
JINDAL SAW LIMITED,JINDALSAW,0,0
JINDAL STEEL & POWER LTD,JINDALSTEL,65,65
JK CEMENT LIMITED,JKCEMENT,70,70
JKUMAR INFR.LTD.,JKIL,50,50
JK LAKSHMI CEMENT LTD,JKLAKSHMI,60,60
JK PAPER LIMITED,JKPAPER,60,60
JK TYRE & INDUSTRIES LTD,JKTYRE,0,0
JM FINANCIAL LIMITED,JMFINANCIL,60,60
JSW ENERGY LIMITED,JSWENERGY,50,50
JSW STEEL LIMITED,JSWSTEEL,70,70
JTL INDUSTRIES LIMITED,JTLIND,45,45
JUBILANT FOODWORKS LTD,JUBLFOOD,70,70
JUBILANT INGREVIA LIMITED,JUBLINGREA,60,60
JUBILANT PHARMOVA LTD,JUBLPHARMA,55,55
NIP IND ETF JUNIOR BEES,JUNIORBEES,60,60
JUSTDIAL LTD.,JUSTDIAL,60,60
JYOTHY LABS LIMITED,JYOTHYLAB,45,45
KAJARIA CERAMICS LTD,KAJARIACER,60,60
KALYAN JEWELLERS IND LTD,KALYANKJIL,0,0
KANSAI NEROLAC PAINTS LTD,KANSAINER,65,65
KARUR VYSYA BANK LTD,KARURVYSYA,65,65
KCP LTD,KCP,60,60
KEC INTL. LIMITED,KEC,55,55
KEI INDUSTRIES LTD.,KEI,60,60
KFIN TECHNOLOGIES LIMITED,KFINTECH,65,65
KRISHNA INST OF MED SCI L,KIMS,60,60
KIOCL LIMITED,KIOCL,50,50
KIRI INDUSTRIES LIMITED,KIRIINDUS,50,50
KIRLOSKAR OIL ENG LTD,KIRLOSENG,50,50
KNR CONSTRU LTD.,KNRCON,55,55
KOLTE PATIL DEV. LTD.,KOLTEPATIL,55,55
KOPRAN LTD,KOPRAN,50,50
KOTAK MAHINDRA BANK LTD,KOTAKBANK,75,75
KALPATARU PROJECT INT LTD,KPIL,55,55
KPIT TECHNOLOGIES LIMITED,KPITTECH,60,60
KPR MILL LTD.,KPRMILL,60,60
KRBL LIMITED,KRBL,60,60
KRSNAA DIAGNOSTICS LTD,KRSNAA,55,55
KSB LIMITED,KSB,55,55
KAVERI SEED CO. LTD.,KSCL,55,55
KARNATAKA BANK LIMITED,KTKBANK,60,60
L&T FINANCE HOLDINGS LTD,L&TFH,65,65
DR. LAL PATH LABS LTD.,LALPATHLAB,70,70
LA OPALA RG LIMITED,LAOPALA,60,60
LATENT VIEW ANALYTICS LTD,LATENTVIEW,60,60
LAURUS LABS LIMITED,LAURUSLABS,70,70
LEMON TREE HOTELS LTD,LEMONTREE,60,60
LG BALAKRISHNAN & BROS,LGBBROSLTD,45,45
LIC HOUSING FINANCE LTD,LICHSGFIN,65,65
LIFE INSURA CORP OF INDIA,LICI,65,65
LINCOLN PHARMA LTD,LINCOLN,50,50
LINDE INDIA LIMITED,LINDEINDIA,60,60
MACROTECH DEVELOPERS LTD,LODHA,0,0
LARSEN & TOUBRO LTD.,LT,75,75
LT FOODS LIMITED,LTFOODS,50,50
LTIMINDTREE LIMITED,LTIM,70,70
L&T TECHNOLOGY SER. LTD.,LTTS,70,70
LUMAX AUTO TECH LTD,LUMAXTECH,50,50
LUPIN LIMITED,LUPIN,75,75
LUX INDUSTRIES LIMITED,LUXIND,60,60
LAXMI ORGANIC INDUS LTD,LXCHEM,60,60
MAHINDRA & MAHINDRA LTD,M&M,75,75
M&M FIN. SERVICES LTD,M&MFIN,70,70
MAGADH SUGAR & ENERGY LTD,MAGADSUGAR,50,50
BANK OF MAHARASHTRA,MAHABANK,60,60
MAHINDRA LIFESPACE DEVLTD,MAHLIFE,60,60
MAHINDRA LOGISTIC LIMITED,MAHLOG,55,55
MAHARASHTRA SEAMLESS LTD,MAHSEAMLES,0,0
MAITHAN ALLOYS LTD,MAITHANALL,55,55
MANAPPURAM FINANCE LTD,MANAPPURAM,65,65
MANGALAM CEMENT LTD,MANGLMCEM,0,0
C.E. INFO SYSTEMS LIMITED,MAPMYINDIA,65,65
MARICO LIMITED,MARICO,75,75
MARKSANS PHARMA LIMITED,MARKSANS,0,0
MARUTI SUZUKI INDIA LTD.,MARUTI,75,75
MAS FINANCIAL SERV LTD,MASFIN,55,55
MASTEK LTD,MASTEK,60,60
MATRIMONY.COM LIMITED,MATRIMONY,55,55
MAX HEALTHCARE INS LTD,MAXHEALTH,55,55
MAYUR UNIQUOTERS LTD,MAYURUNIQ,55,55
MAZAGON DOCK SHIPBUIL LTD,MAZDOCK,55,55
UNITED SPIRITS LIMITED,MCDOWELL-N,70,70
MULTI COMMODITY EXCHANGE,MCX,65,65
GLOBAL HEALTH LIMITED,MEDANTA,0,0
MEDPLUS HEALTH SERV LTD,MEDPLUS,60,60
METRO BRANDS LIMITED,METROBRAND,45,45
METROPOLIS HEALTHCARE LTD,METROPOLIS,65,65
MAX FINANCIAL SERV LTD,MFSL,60,60
MAHANAGAR GAS LTD.,MGL,65,65
MAHINDRA HOLIDAYS LTD,MHRIL,60,60
MIRAEAMC - MAM150ETF,MIDCAPETF,60,60
ICICIPRAMC - ICICIM150,MIDCAPIETF,60,60
MISHRA DHATU NIGAM LTD,MIDHANI,60,60
MINDA CORPORATION LTD,MINDACORP,60,60
MMTC LIMITED,MMTC,55,55
MOIL LIMITED,MOIL,55,55
MEGHMANI ORGANICS LIMITED,MOL,60,60
SAMVRDHNA MTHRSN INTL LTD,MOTHERSON,70,70
MOTILAL OSWAL FIN LTD,MOTILALOFS,0,0
MPHASIS LIMITED,MPHASIS,70,70
MPS LIMITED,MPSLTD,45,45
MRF LTD,MRF,75,75
MRPL,MRPL,50,50
MSTC LIMITED,MSTCLTD,55,55
MOTHERSON SUMI WRNG IND L,MSUMI,70,70
MTAR TECHNOLOGIES LIMITED,MTARTECH,60,60
MUTHOOT FINANCE LIMITED,MUTHOOTFIN,70,70
NAHAR INDS ENT LTD,NAHARINDUS,50,50
NIPPON L I A M LTD,NAM-INDIA,65,65
NATCO PHARMA LTD.,NATCOPHARM,45,45
NATIONAL ALUMINIUM CO LTD,NATIONALUM,65,65
INFO EDGE (I) LTD,NAUKRI,70,70
NAVA LIMITED,NAVA,55,55
NAVIN FLUORINE INT. LTD,NAVINFLUOR,70,70
NAVNEET EDUCATION LTD,NAVNETEDUL,55,55
NBCC (INDIA) LIMITED,NBCC,55,55
NCC LIMITED,NCC,60,60
NCL INDUSTRIES LIMITED,NCLIND,50,50
NEOGEN CHEMICALS LIMITED,NEOGEN,55,55
NESCO LTD.,NESCO,60,60
NESTLE INDIA LIMITED,NESTLEIND,75,75
NEULAND LAB LTD.,NEULANDLAB,0,0
NATIONAL FERT. LTD,NFL,55,55
NARAYANA HRUDAYALAYA LTD.,NH,60,60
NHPC LTD,NHPC,60,60
THE NEW INDIA ASSU CO LTD,NIACL,55,55
NIP IND ETF NIFTY BEES,NIFTYBEES,75,75
MIRAEAMC - MAN50ETF,NIFTYETF,50,50
ICICI PRUD NIFTY ETF,NIFTYIETF,65,65
NIIT LIMITED,NIITLTD,55,55
NILKAMAL LIMITED,NILKAMAL,50,50
NLC INDIA LIMITED,NLCINDIA,55,55
NMDC LTD.,NMDC,65,65
NOCIL LIMITED,NOCIL,60,60
NRB BEARING LIMITED,NRBBEARING,0,0
NMDC STEEL LIMITED,NSLNISP,60,60
NTPC LTD,NTPC,75,75
NUVOCO VISTAS CORP LTD,NUVOCO,60,60
FSN E COMMERCE VENTURES,NYKAA,60,60
ORIENTAL AROMATICS LTD,OAL,50,50
OBEROI REALTY LIMITED,OBEROIRLTY,70,70
ORACLE FIN SERV SOFT LTD.,OFSS,30,30
OIL INDIA LTD,OIL,60,60
OLECTRA GREENTECH LIMITED,OLECTRA,50,50
OMAXE LIMITED,OMAXE,50,50
OIL AND NATURAL GAS CORP.,ONGC,70,70
ORIENT CEMENT LTD.,ORIENTCEM,45,45
ORIENT ELECTRIC LIMITED,ORIENTELEC,60,60
ORIENT HOTELS LTD,ORIENTHOT,50,50
ORIENT PAPER AND INDS LTD,ORIENTPPR,50,50
PAGE INDUSTRIES LTD,PAGEIND,75,75
PANAMA PETROCHEM LTD,PANAMAPET,55,55
PARAG MILK FOODS LTD.,PARAGMILK,50,50
PARAS DEF AND SPCE TECH L,PARAS,60,60
ONE 97 COMMUNICATIONS LTD,PAYTM,0,0
PCBL LIMITED,PCBL,60,60
PIRAMAL ENTERPRISES LTD,PEL,65,65
PERSISTENT SYSTEMS LTD,PERSISTENT,70,70
PETRONET LNG LIMITED,PETRONET,75,75
POWER FIN CORP LTD.,PFC,70,70
PFIZER LTD,PFIZER,60,60
PROCTER & GAMBLE HEALTH L,PGHL,55,55
THE PHOENIX MILLS LTD,PHOENIXLTD,60,60
PIDILITE INDUSTRIES LTD,PIDILITIND,75,75
PI INDUSTRIES LTD,PIIND,75,75
PUNJAB NATIONAL BANK,PNB,65,65
PNB HOUSING FIN LTD.,PNBHOUSING,60,60
PNC INFRATECH LTD.,PNCINFRA,55,55
PB FINTECH LIMITED,POLICYBZR,60,60
POLYCAB INDIA LIMITED,POLYCAB,35,35
POLY MEDICURE LIMITED,POLYMED,50,50
POLYPLEX CORPORATION LTD,POLYPLEX,60,60
POONAWALLA FINCORP LTD,POONAWALLA,55,55
POWER GRID CORP. LTD.,POWERGRID,75,75
HITACHI ENERGY INDIA LTD,POWERINDIA,60,60
POWER MECH PROJECTS LTD.,POWERMECH,60,60
PRAJ INDUSTRIES LTD,PRAJIND,60,60
PRESTIGE ESTATE LTD,PRESTIGE,0,0
PRICOL LIMITED,PRICOLLTD,55,55
PRINCE PIPES FITTINGS LTD,PRINCEPIPE,60,60
PRISM JOHNSON LIMITED,PRSMJOHNSN,55,55
PSP PROJECTS LIMITED,PSPPROJECT,55,55
NIP IND ETF PSU BANK BEES,PSUBNKBEES,70,70
PVR INOX LIMITED,PVRINOX,65,65
QUESS CORP LIMITED,QUESS,55,55
RADICO KHAITAN LTD,RADICO,60,60
RAILTEL CORP OF IND LTD,RAILTEL,55,55
RAIN INDUSTRIES LIMITED,RAIN,60,60
RAINBOW CHILDRENS MED LTD,RAINBOW,65,65
RAJESH EXPORTS LTD,RAJESHEXPO,60,60
RALLIS INDIA LTD,RALLIS,60,60
THE RAMCO CEMENTS LIMITED,RAMCOCEM,75,75
RAMCO INDUSTRIES LIMITED,RAMCOIND,55,55
RAMCO SYSTEMS LTD.,RAMCOSYS,50,50
RANA SUGARS LTD.,RANASUG,50,50
RATEGAIN TRAVEL TECHN LTD,RATEGAIN,60,60
RATNAMANI MET & TUB LTD.,RATNAMANI,60,60
RAYMOND LTD,RAYMOND,55,55
RESTAURANT BRAND ASIA LTD,RBA,60,60
RBL BANK LIMITED,RBLBANK,60,60
RASHTRIYA CHEMICALS & FER,RCF,60,60
REC LIMITED,RECLTD,65,65
REDINGTON LIMITED,REDINGTON,60,60
RELAXO FOOT LTD.,RELAXO,65,65
RELIANCE INDUSTRIES LTD,RELIANCE,75,75
RELIGARE ENTER. LTD.,RELIGARE,55,55
REPCO HOME FINANCE LTD,REPCOHOME,50,50
RHI MAGNESITA INDIA LTD,RHIM,50,50
RICO AUTO INDUSTRIES LTD,RICOAUTO,50,50
RELIANCE INDUSTRIAL INFRA,RIIL,55,55
RITES LIMITED,RITES,60,60
RAMKRISHNA FORGINGS LTD,RKFORGE,65,65
ROLEX RINGS LIMITED,ROLEXRINGS,60,60
ROSSARI BIOTECH LIMITED,ROSSARI,55,55
ROUTE MOBILE LIMITED,ROUTE,60,60
RSWM LIMITED,RSWM,55,55
RAIL VIKAS NIGAM LIMITED,RVNL,55,55
SAFARI IND (INDIA) LTD,SAFARI,65,65
STEEL AUTHORITY OF INDIA,SAIL,65,65
SALASAR TECHNO ENGG. LTD.,SALASAR,0,0
SANGHVI MOVERS LTD,SANGHVIMOV,50,50
SANOFI INDIA LIMITED,SANOFI,55,55
SANSERA ENGINEERING LTD,SANSERA,55,55
SAPPHIRE FOODS INDIA LTD,SAPPHIRE,60,60
SASKEN TECHNOLOGIES LTD,SASKEN,45,45
SATIA INDUSTRIES LIMITED,SATIA,55,55
SHIVALIK BIMETAL CON. LTD,SBCL,55,55
SBI CARDS & PAY SER LTD,SBICARD,75,75
SBI LIFE INSURANCE CO LTD,SBILIFE,75,75
STATE BANK OF INDIA,SBIN,75,75
SCHAEFFLER INDIA LIMITED,SCHAEFFLER,60,60
SHIPPING CORP OF INDIA LT,SCI,60,60
SEQUENT SCIENTIFIC LTD.,SEQUENT,50,50
SESHASAYEE PAPER & BOARDS,SESHAPAPER,50,50
SBI-ETF NIFTY 50,SETFNIF50,65,65
SHEELA FOAM LIMITED,SFL,55,55
SHALBY LIMITED,SHALBY,60,60
SHALIM PAINTS LTD,SHALPAINTS,50,50
SHANKARA BLDG PRODUCT LTD,SHANKARA,55,55
SHANTHI GEARS LTD,SHANTIGEAR,55,55
SHARDA CROPCHEM LTD.,SHARDACROP,55,55
SHARDA MOTOR INDS LTD,SHARDAMOTR,50,50
SHILPA MEDICARE LTD,SHILPAMED,60,60
S H KELKAR AND CO. LTD.,SHK,50,50
SHOPPERS STOP LIMITED,SHOPERSTOP,60,60
SHREE CEMENT LIMITED,SHREECEM,75,75
SHRE PUSH CHEM & FERT LTD,SHREEPUSHK,50,50
SHREYAS SHIPPING & LOGIST,SHREYAS,50,50
SHRIRAM FINANCE LIMITED,SHRIRAMFIN,70,70
SHRIRAM PROPERTIES LTD,SHRIRAMPPS,55,55
SIEMENS LTD,SIEMENS,75,75
SIGACHI INDUSTRIES LTD,SIGACHI,0,0
SIS LIMITED,SIS,55,55
SIYARAM SILK MILLS LTD,SIYSIL,55,55
SJS ENTERPRISES LIMITED,SJS,55,55
SJVN LTD,SJVN,55,55
SKF INDIA LTD,SKFINDIA,60,60
SMC GLOBAL SECURITIES LTD,SMCGLOBAL,45,45
SML ISUZU LIMITED,SMLISUZU,0,0
SOBHA LIMITED,SOBHA,0,0
SOLAR INDUSTRIES (I) LTD,SOLARINDS,45,45
SOMANY CERAMICS LIMITED,SOMANYCERA,50,50
SONA BLW PRECISION FRGS L,SONACOMS,60,60
SONATA SOFTWARE LTD,SONATSOFTW,60,60
SAVITA OIL TECHNOLO. LTD,SOTL,60,60
SRF LTD,SRF,70,70
SREE RAYALSEEMA HHP LTD.,SRHHYPOLTD,55,55
STRIDES PHARMA SCI LTD,STAR,55,55
STAR CEMENT LIMITED,STARCEMENT,65,65
STAR HEALTH & AL INS CO L,STARHEALTH,45,45
STERLITE TECHNOLOGIES LTD,STLTECH,60,60
STOVE KRAFT LIMITED,STOVEKRAFT,60,60
SUDARSHAN CHEMICAL INDS L,SUDARSCHEM,60,60
SULA VINEYARDS LIMITED,SULA,45,45
SUMITOMO CHEM INDIA LTD,SUMICHEM,60,60
SUNDARAM FINANCE LTD,SUNDARMFIN,60,60
SUNDRAM FASTENERS LTD,SUNDRMFAST,55,55
SUNFLAG IRON AND STEEL CO,SUNFLAG,55,55
SUN PHARMACEUTICAL IND L,SUNPHARMA,75,75
SUNTECK REALTY LIMITED,SUNTECK,60,60
SUN TV NETWORK LIMITED,SUNTV,65,65
SUPRAJIT ENGINEERING LTD,SUPRAJIT,55,55
SUPREME INDUSTRIES LTD,SUPREMEIND,60,60
SUPRIYA LIFESCIENCE LTD,SUPRIYA,60,60
SURYA ROSHNI LTD,SURYAROSNI,0,0
SUVEN PHARMACEUTICALS LTD,SUVENPHAR,60,60
SWAN ENERGY LIMITED,SWANENERGY,0,0
SYMPHONY LIMITED,SYMPHONY,55,55
SYNGENE INTERNATIONAL LTD,SYNGENE,70,70
TAJ GVK HOTELS & RESORTS,TAJGVK,45,45
TANLA PLATFORMS LIMITED,TANLA,60,60
TARSONS PRODUCTS LIMITED,TARSONS,55,55
TATA CHEMICALS LTD,TATACHEM,30,30
TATA COMMUNICATIONS LTD,TATACOMM,70,70
TATA CONSUMER PRODUCT LTD,TATACONSUM,75,75
TATA ELXSI LIMITED,TATAELXSI,60,60
TATA MOTORS LIMITED,TATAMOTORS,70,70
TATA MOTORS DVR A ORD,TATAMTRDVR,0,0
TATA POWER CO LTD,TATAPOWER,70,70
TATA STEEL LIMITED,TATASTEEL,70,70
TRANSPORT CORPN OF INDIA,TCI,55,55
TCI EXPRESS LIMITED,TCIEXP,55,55
TCNS CLOTHING CO. LIMITED,TCNSBRANDS,55,55
TATA CONSULTANCY SERV LT,TCS,75,75
TEAMLEASE SERVICES LTD.,TEAMLEASE,60,60
TECH MAHINDRA LIMITED,TECHM,75,75
TECHNO ELEC & ENG CO. LTD,TECHNOE,45,45
TEGA INDUSTRIES LIMITED,TEGA,65,65
TEJAS NETWORKS LIMITED,TEJASNET,55,55
TEXMACO RAIL & ENG. LTD.,TEXRAIL,0,0
THERMAX LTD,THERMAX,60,60
THOMAS COOK (INDIA) LTD,THOMASCOOK,0,0
TECHNOCRAFT IND LTD,TIIL,55,55
TUBE INVEST OF INDIA LTD,TIINDIA,60,60
TIME TECHNOPLAST LTD.,TIMETECHNO,0,0
TIMKEN INDIA LTD.,TIMKEN,60,60
THIRUMALAI CHEMICALS LTD,TIRUMALCHM,55,55
TITAGARH RAIL SYSTEMS LTD,TITAGARH,50,50
TITAN COMPANY LIMITED,TITAN,75,75
TAMILNADU PETROPRODUCTS L,TNPETRO,60,60
TAMILNADU NEWSPRT & PAPER,TNPL,55,55
TORRENT PHARMACEUTICALS L,TORNTPHARM,75,75
TORRENT POWER LTD,TORNTPOWER,65,65
TRENT LTD,TRENT,45,45
TRIVENI TURBINE LIMITED,TRITURBINE,50,50
TRIVENI ENGG. & INDS. LTD,TRIVENI,55,55
TTK PRESTIGE LTD,TTKPRESTIG,60,60
TVS MOTOR COMPANY LTD,TVSMOTOR,75,75
TV TODAY NETWORK LTD,TVTODAY,55,55
UNITED BREWERIES LTD,UBL,75,75
UCO BANK,UCOBANK,50,50
UFLEX LIMITED,UFLEX,50,50
UJJIVAN FIN. SERVC. LTD.,UJJIVAN,60,60
UJJIVAN SMALL FINANC BANK,UJJIVANSFB,60,60
ULTRATECH CEMENT LIMITED,ULTRACEMCO,75,75
UNICHEM LABORATORIES LTD,UNICHEMLAB,55,55
UNITED DRILLING TOOLS LTD,UNIDT,50,50
UNION BANK OF INDIA,UNIONBANK,60,60
UNO MINDA LIMITED,UNOMINDA,60,60
UPL LIMITED,UPL,65,65
USHA MARTIN LTD.,USHAMART,60,60
UTI ASSET MNGMT CO LTD,UTIAMC,60,60
VADILAL INDUSTRIES LTD,VADILALIND,50,50
VAIBHAV GLOBAL LIMITED,VAIBHAVGBL,55,55
VAKRANGEE LIMITED,VAKRANGEE,50,50
VALIANT ORGANICS LIMITED,VALIANTORG,50,50
VARROC ENGINEERING LTD.,VARROC,55,55
VARUN BEVERAGES LIMITED,VBL,60,60
VEDANTA LIMITED,VEDL,60,60
VENKY S (INDIA) LIMITED,VENKEYS,55,55
VESUVIUS INDIA LTD,VESUVIUS,65,65
V-GUARD IND LTD.,VGUARD,60,60
VIJAYA DIAGNOSTIC CEN LTD,VIJAYA,45,45
VINATI ORGANICS LTD,VINATIORGA,60,60
VIP INDUSTRIES LTD,VIPIND,60,60
VISAKA INDUSTRIES LIMITED,VISAKAIND,0,0
VMART RETAIL LTD,VMART,55,55
VOLTAMP TRANSFORMERS LTD,VOLTAMP,0,0
VOLTAS LTD,VOLTAS,75,75
VRL LOGISTICS LIMITED,VRLLOG,60,60
VST TILLERS TRACTORS LTD,VSTTILLERS,55,55
VARDHMAN TEXTILES LIMITED,VTL,60,60
VA TECH WABAG LTD,WABAG,60,60
WELSPUN CORP LIMITED,WELCORP,0,0
WELSPUN ENTERPRISES LTD.,WELENT,60,60
WELSPUN LIVING LIMITED,WELSPUNLIV,55,55
WESTLIFE FOODWORLD LTD,WESTLIFE,55,55
WHIRLPOOL OF INDIA LTD,WHIRLPOOL,70,70
WIPRO LTD,WIPRO,75,75
WONDERLA HOLIDAYS LTD.,WONDERLA,65,65
WEST COAST PAPER MILLS LT,WSTCSTPAPR,50,50
YES BANK LIMITED,YESBANK,50,50
ZEE ENTERTAINMENT ENT LTD,ZEEL,35,35
ZENSAR TECHNOLOGIES LTD,ZENSARTECH,50,50
ZF COM VE CTR SYS IND LTD,ZFCVINDIA,60,60
ZOMATO LIMITED,ZOMATO,0,0
ZYDUS LIFESCIENCES LTD,ZYDUSLIFE,75,75
ZYDUS WELLNESS LIMITED,ZYDUSWELL,60,60
